Headline,Summary,Date Posted,Video Link
World of Tanks NA Server April 2020 Bonus Code Key Giveaway,Claim the high-ground with this World of Tanks Bonus Code!,2020-04-14,https://na.alienwarearena.com/ucf/show/2126180/boards/giveaways-and-contest-na/Giveaway/world-of-tanks-na-server-april-2020-bonus-code-key-giveaway
World of Tanks NA Server Bonus Code Key Giveaway,Claim the high-ground with this World of Tanks Bonus Code!,2020-01-10,https://na.alienwarearena.com/ucf/show/2109573/boards/giveaways-and-contest-na/Giveaway/world-of-tanks-na-server-bonus-code-key-giveaway
World of Tanks Premium Bonus Code Key Giveaway,Want to become a great tank commander with this World of Tanks (PC) Premium Bonus Code giveaway. A new World of Tanks or World of Warplanes player? Claim a World of Tanks/World of Warplanes Premium Invite Code (for new players) here!,2018-07-12,https://na.alienwarearena.com/ucf/show/1893470/boards/contest-and-giveaways-global/Giveaway/world-of-tanks-premium-bonus-code-key-giveaway
World of Tanks (PC) / World of Warplanes Premium Invite Code Key Giveaway,The battle awaits on land and in the skies with this World of Tanks (PC) / World of Warplanes Premium Invite Code! This code works only for new Wargaming accounts. If you or a friends of yours havent played World of Tanks (WoT) or World of Warplanes...,2018-07-12,https://na.alienwarearena.com/ucf/show/1893472/boards/contest-and-giveaways-global/Giveaway/world-of-tanks-pc-world-of-warplanes-premium-invite-code-key-giveaway
World of Tanks Bonus Code Giveaway,"Play World of Tanks and take on the role of a daredevil scout, an eagle-eyed sniper, or join your mates and form an unstoppable wolf pack. Now you can even progress faster with some extra consumables!",2016-09-02,https://na.alienwarearena.com/ucf/show/139162/boards/giveaways-and-contest-na/Giveaway/world-of-tanks-bonus-code-giveaway-1
The World of Tanks Invite Code Key Giveaway for New Players,"Need another reason to try out World of Tanks? Now you have one with this Invite Code for new players*, you'll receive the following items:",2015-03-24,https://na.alienwarearena.com/ucf/show/139043/Giveaway/the-world-of-tanks-invite-code-key-giveaway-for-new-players
World of Tanks Invite Code Giveaway for New Players,"In celebration of the World of Tanks Grand Finals Alienware Arena has teamed up Wargaming to give you an Alienware Arena exclusive Invite Code for new players. So, enter World of Tanks prepared for battle with an Alienware Arena exclusive World of Tanks...",2014-03-24,https://na.alienwarearena.com/ucf/show/128448/Giveaway/world-of-tanks-invite-code-giveaway-for-new-players
The World of Tanks Bonus Code Giveaway,"In celebration of the World of Tanks Grand Finals Alienware Arena has teamed up Wargaming to give you an Alienware Arena exclusive Bonus Code. So, retake the advantage in World of Tanks today and get your Alienware Arena exclusive Bonus...",2014-03-24,https://na.alienwarearena.com/ucf/show/128949/Giveaway/the-world-of-tanks-bonus-code-giveaway
World of Tanks Bonus Code Giveaway,Retake the advantage in World of Tanks today and get an Alienware Arena exclusive Bonus Package.,2013-10-09,https://na.alienwarearena.com/ucf/show/48769/Giveaway/world-of-tanks-bonus-code-giveaway-2
World of Tanks Starter Pack Giveaway for New Players,Enter World of Tanks prepared for battle with an Alienware Arena exclusive Starter Pack Invite Code.,2013-10-09,https://na.alienwarearena.com/ucf/show/50462/Giveaway/world-of-tanks-starter-pack-giveaway-for-new-players-2
